Conv Layers,Pool Layers,Epochs,Optimizer,Batch Size,Train Loss,Train Accuracy,Test Loss,Test Accuracy,Train Time (s)
2,3,50,Adam,16,0.16479119658470154,0.9624999761581421,0.542317271232605,0.7749999761581421,200.42672514915466
