Conv Layers,Pool Layers,Epochs,Optimizer,Batch Size,Train Loss,Train Accuracy,Test Loss,Test Accuracy,Train Time (s)
1,5,25,RMSprop,64,0.35456332564353943,0.925000011920929,0.6160629987716675,0.7250000238418579,110.16692042350769
